{
  "fetching": false,
  "data": {
    "Confirmation Time": 14.45,
    "Block Size": 1.0509867022900001,
    "Transaction Cost": 53.2590456155,
    "Difficulty": 5949437371610.0,
    "Transactions per Day": 218607.0,
    "Hash Rate (GH/s)": 38743005.8012,
    "Market Capitalization": 120942650691.00003,
    "Miners Revenue": 11517945.75,
    "Transactions per Block": 1668.75572519,
    "Unique Addresses": 452409.0,
    "Total Bitcoin": 17194350.0,
    "Transaction Fees": 124854.43486300002
  }
}